Business Name,Phone,Website,Category,Address,Google Maps URL
Premier Roofing,+18569972865,NO WEBSITE,N/A,"
113 Sawmill Ct, Cherry Hill Township, NJ 08034",https://www.google.com/maps/place/Premier+Roofing/data=!4m7!3m6!1s0x89c6cbd58219087f:0x91b126584cef2653!8m2!3d39.910021!4d-75.0018134!16s%2Fg%2F11z7lxpf93!19sChIJfwgZgtXLxokRUybvTFgmsZE?authuser=0&hl=en&rclk=1
First Roofing,+18569972865,NO WEBSITE,N/A,"
411 E Marlton Pike #120, Cherry Hill Township, NJ 08034",https://www.google.com/maps/place/First+Roofing/data=!4m7!3m6!1s0x89c3db6cc2df6085:0xd5903caeebb09a23!8m2!3d39.9115051!4d-75.0004605!16s%2Fg%2F11zbp64plz!19sChIJhWDfwmzbw4kRI5qw6648kNU?authuser=0&hl=en&rclk=1
Alder Springs Cherry,+18563569469,NO WEBSITE,No reviews,"
306 Pleasant Dr, Cherry Hill Township, NJ 08003",https://www.google.com/maps/place/Alder+Springs+Cherry/data=!4m7!3m6!1s0x89c6ccec21b40001:0xd1a981bb44724607!8m2!3d39.8724225!4d-74.9984103!16s%2Fg%2F11ghr0j8h9!19sChIJAQC0IezMxokRB0ZyRLuBqdE?authuser=0&hl=en&rclk=1
Kasper and Son Roofing,+16094179351,NO WEBSITE,4.8(528),"
413 Cornwall Rd, Cherry Hill Township, NJ 08034",https://www.google.com/maps/place/Kasper+and+Son+Roofing/data=!4m7!3m6!1s0x89c6cb6555d941ff:0xc4f117d2f7964ea7!8m2!3d39.9243804!4d-74.9821332!16s%2Fg%2F11fd552qjy!19sChIJ_0HZVWXLxokRp06W99IX8cQ?authuser=0&hl=en&rclk=1
Quality Roofing and Siding,+18563580091,NO WEBSITE,No reviews,"
549 Covered Bridge Rd #3110, Cherry Hill Township, NJ 08034",https://www.google.com/maps/place/Quality+Roofing+and+Siding/data=!4m7!3m6!1s0x89c6cc9e854708c1:0xb80690ec4b2abba3!8m2!3d39.8939942!4d-74.9962005!16s%2Fg%2F11cm0pl7qn!19sChIJwQhHhZ7MxokRo7sqS-yQBrg?authuser=0&hl=en&rclk=1
"National Exteriors, LLC",+18564010100,NO WEBSITE,"4.8(1,110)","
1165 Marlkress Rd Unit 1, Cherry Hill Township, NJ 08003","https://www.google.com/maps/place/National+Exteriors,+LLC/data=!4m7!3m6!1s0x89c6cb95f0972be1:0xb696b0781e3e0397!8m2!3d39.9023097!4d-74.9768675!16s%2Fg%2F11rwjf6z2n!19sChIJ4SuX8JXLxokRlwM-HniwlrY?authuser=0&hl=en&rclk=1"
Apex Roofing Services,+18562770361,NO WEBSITE,N/A,"
2100 Marlton Pike W, Cherry Hill Township, NJ 08002",https://www.google.com/maps/place/Apex+Roofing+Services/data=!4m7!3m6!1s0x89c6cb6395f30cdd:0xb9894c8849b18cf3!8m2!3d39.9227911!4d-75.0347628!16s%2Fg%2F11nbxp2b_l!19sChIJ3QzzlWPLxokR84yxSYhMibk?authuser=0&hl=en&rclk=1
"Tunga Attic Insulation & Roofing Services Cherry Hill, NJ",+18562404871,NO WEBSITE,1.7(11),"
2230 NJ-70, Cherry Hill Township, NJ 08002","https://www.google.com/maps/place/Tunga+Attic+Insulation+%26+Roofing+Services+Cherry+Hill,+NJ/data=!4m7!3m6!1s0x89c6cbea0ed02b1d:0xbfe03ec95a056b42!8m2!3d39.9229576!4d-75.0426341!16s%2Fg%2F11twq3tnrz!19sChIJHSvQDurLxokRQmsFWsk-4L8?authuser=0&hl=en&rclk=1"
RJ Miller Roofing and Siding,+18562612776,NO WEBSITE,4.8(36),"
134 Cuthbert Blvd, Audubon, NJ 08106",https://www.google.com/maps/place/RJ+Miller+Roofing+and+Siding/data=!4m7!3m6!1s0x89c6cf33b626a1c3:0x58295c1c3affff47!8m2!3d39.8997647!4d-75.0693051!16s%2Fg%2F11h10t1ps6!19sChIJw6EmtjPPxokRR___OhxcKVg?authuser=0&hl=en&rclk=1
Premier Roofing,+18569972865,NO WEBSITE,N/A,"
411 E Marlton Pike, Cherry Hill Township, NJ 08034",https://www.google.com/maps/place/Premier+Roofing/data=!4m7!3m6!1s0x89c6cb3a6b2e5b07:0xf469bd547dffb8e0!8m2!3d39.9115051!4d-75.0004605!16s%2Fg%2F11z7mlcy5n!19sChIJB1suazrLxokR4Lj_fVS9afQ?authuser=0&hl=en&rclk=1
Pioneer Roofing Services,+18564167518,NO WEBSITE,N/A,"
20 Marlton Pike, Cherry Hill Township, NJ 08002",https://www.google.com/maps/place/Pioneer+Roofing+Services/data=!4m7!3m6!1s0x89c6cb53290f79db:0x7c30eff20e3f32ef!8m2!3d39.9143916!4d-75.0106943!16s%2Fg%2F11z2yxphd3!19sChIJ23kPKVPLxokR7zI_DvLvMHw?authuser=0&hl=en&rclk=1
NOP Attic Insulation & Roofing Service,+18562404877,NO WEBSITE,4.5(8),"
14 Sequoia Ct, Voorhees Township, NJ 08043",https://www.google.com/maps/place/NOP+Attic+Insulation+%26+Roofing+Service/data=!4m7!3m6!1s0x89c13312c8cdd3a5:0xe3903b63c02e8ca4!8m2!3d39.8682886!4d-74.9343849!16s%2Fg%2F1tp8_yx5!19sChIJpdPNyBIzwYkRpIwuwGM7kOM?authuser=0&hl=en&rclk=1
Visual Expressions Roofing'clean NJ,+15513170668,NO WEBSITE,No reviews,"
4 St Davids Rd, Cherry Hill Township, NJ 08002",https://www.google.com/maps/place/Visual+Expressions+Roofing%27clean+NJ/data=!4m7!3m6!1s0x89c6ca5af6c95555:0x182c40ac3ff52da7!8m2!3d39.9526186!4d-75.0234706!16s%2Fg%2F11hcd8zgty!19sChIJVVXJ9lrKxokRpy31P6xALBg?authuser=0&hl=en&rclk=1
Soltherionix SoltherionixRoofing,+14722719379,NO WEBSITE,N/A,"
49 Apple Way, Marlton, NJ 08053",https://www.google.com/maps/place/Soltherionix+SoltherionixRoofing/data=!4m7!3m6!1s0x89c1359ea0097a11:0xb6e901abeffa61c3!8m2!3d39.9052015!4d-74.9396202!16s%2Fg%2F11nb5vqv0w!19sChIJEXoJoJ41wYkRw2H676sB6bY?authuser=0&hl=en&rclk=1
"Tibuuk Attic Insulation & Dryer Vent Cleaning Services Cherry Hill, NJ",+18562404872,NO WEBSITE,4.6(17),"
2110 Marlton Pike, Cherry Hill Township, NJ 08003","https://www.google.com/maps/place/Tibuuk+Attic+Insulation+%26+Dryer+Vent+Cleaning+Services+Cherry+Hill,+NJ/data=!4m7!3m6!1s0x89c134a3e85617d7:0x4d032493dcba3163!8m2!3d39.8965087!4d-74.9470031!16s%2Fg%2F113fjbyj8!19sChIJ1xdW6KM0wYkRYzG63JMkA00?authuser=0&hl=en&rclk=1"
"Blck Mold Removal & Mold Remediation Service Brick Township, NJ",+18563296639,NO WEBSITE,4.9(19),"
600 Marlton Pike, Cherry Hill Township, NJ 08002","https://www.google.com/maps/place/Blck+Mold+Removal+%26+Mold+Remediation+Service+Brick+Township,+NJ/data=!4m7!3m6!1s0x89c6cb9e8f1aaaab:0xc0f95a15eb2fb5bb!8m2!3d39.9157649!4d-75.0177943!16s%2Fg%2F11f63xhmmb!19sChIJq6oaj57LxokRu7Uv6xVa-cA?authuser=0&hl=en&rclk=1"
Global Metal Roofs.,+18566284252,NO WEBSITE,3.5(23),"
457 Haddonfield Rd, Cherry Hill Township, NJ 08002",https://www.google.com/maps/place/Global+Metal+Roofs./data=!4m7!3m6!1s0x89c6cbb150654aab:0xce899df3db898cb0!8m2!3d39.9368692!4d-75.0314567!16s%2Fg%2F1tfbjpgn!19sChIJq0plULHLxokRsIyJ2_Odic4?authuser=0&hl=en&rclk=1
Wurster Roofing Co,+18568542783,NO WEBSITE,4.9(57),"
227 Highland Ave, Haddon Township, NJ 08108",https://www.google.com/maps/place/Wurster+Roofing+Co/data=!4m7!3m6!1s0x89c6cbf123ad0d97:0x622115714b33f72f!8m2!3d39.9098163!4d-75.045824!16s%2Fg%2F1x5fc9wn!19sChIJlw2tI_HLxokRL_czS3EVIWI?authuser=0&hl=en&rclk=1
wylandoofing,N/A,NO WEBSITE,N/A,"
400 Wayland Rd, Cherry Hill Township, NJ 08034",https://www.google.com/maps/place/wylandoofing/data=!4m7!3m6!1s0x89c6cb21ffa876e9:0x835483eb89863ec8!8m2!3d39.9111107!4d-75.0021576!16s%2Fg%2F11njwdg9ct!19sChIJ6Xao_yHLxokRyD6GieuDVIM?authuser=0&hl=en&rclk=1
